<?xml version="1.0" encoding="UTF-8"?><rss version="2.0"
	xmlns:content="http://purl.org/rss/1.0/modules/content/"
	xmlns:wfw="http://wellformedweb.org/CommentAPI/"
	xmlns:dc="http://purl.org/dc/elements/1.1/"
	xmlns:atom="http://www.w3.org/2005/Atom"
	xmlns:sy="http://purl.org/rss/1.0/modules/syndication/"
	xmlns:slash="http://purl.org/rss/1.0/modules/slash/"
	>

<channel>
	<title>Lezione di mercoledi</title>
	<atom:link href="./index.html" rel="self" type="application/rss+xml" />
	<link>./../index.html</link>
	<description></description>
	<lastBuildDate>Wed, 01 Mar 2023 15:57:56 +0000</lastBuildDate>
	<language>it-IT</language>
	<sy:updatePeriod>
	hourly	</sy:updatePeriod>
	<sy:updateFrequency>
	1	</sy:updateFrequency>
	<generator>https://wordpress.org/?v=6.1.1</generator>
	<item>
		<title>La rivoluzione</title>
		<link>./../2023/03/01/la-rivoluzione/index.html</link>
					<comments>./../2023/03/01/la-rivoluzione/index.html#respond</comments>
		
		<dc:creator><![CDATA[Volodymyr]]></dc:creator>
		<pubDate>Wed, 01 Mar 2023 15:56:10 +0000</pubDate>
				<category><![CDATA[mondo tech]]></category>
		<guid isPermaLink="false">./../index.html?p=408</guid>

					<description><![CDATA[Le nuove tecnologie stanno rivoluzionando il mondo in cui viviamo. Con la crescente presenza di dispositivi tecnologici come gli smartphone, tablet e computer, il modo in cui le persone comunicano, lavorano e si divertono è profondamente cambiato. L&#8217;intelligenza artificiale, la realtà virtuale e la realtà aumentata stanno offrendo possibilità senza precedenti, trasformando molte industrie e &#8230;<p class="read-more"> <a class="" href="./../2023/03/01/la-rivoluzione/index.html"> <span class="screen-reader-text">La rivoluzione</span> Leggi altro &#187;</a></p>]]></description>
										<content:encoded><![CDATA[
<p>Le nuove tecnologie stanno rivoluzionando il mondo in cui viviamo. Con la crescente presenza di dispositivi tecnologici come gli smartphone, tablet e computer, il modo in cui le persone comunicano, lavorano e si divertono è profondamente cambiato. L&#8217;intelligenza artificiale, la realtà virtuale e la realtà aumentata stanno offrendo possibilità senza precedenti, trasformando molte industrie e migliorando la vita delle persone.</p>



<p>L&#8217;intelligenza artificiale (IA) è uno dei settori tecnologici più in crescita, con l&#8217;obiettivo di creare macchine intelligenti che possano eseguire compiti umani. Grazie all&#8217;IA, le macchine possono apprendere da dati, modelli e esperienze passate per fornire soluzioni più efficaci e efficienti. Questa tecnologia sta rivoluzionando molte industrie, dalla sanità all&#8217;automotive, passando per il settore finanziario e l&#8217;industria manifatturiera. L&#8217;IA può migliorare l&#8217;efficienza e la precisione dei processi, ridurre gli errori umani e liberare il personale da compiti ripetitivi, consentendo loro di concentrarsi su attività più creative e di valore.</p>



<p>La realtà virtuale (VR) e la realtà aumentata (AR) stanno offrendo possibilità senza precedenti in termini di esperienze immersive e coinvolgenti. Con la VR, gli utenti possono immergersi in un mondo digitale simulato, mentre con l&#8217;AR è possibile sovrapporre elementi digitali al mondo reale. Queste tecnologie stanno trovando applicazione in settori come l&#8217;educazione, il turismo, il design e la salute. La VR e l&#8217;AR possono migliorare l&#8217;apprendimento, aumentare l&#8217;engagement degli utenti e consentire la progettazione di prodotti e servizi più innovativi.</p>



<p>Tuttavia, è importante ricordare che le nuove tecnologie non sono una panacea per tutti i problemi. L&#8217;uso indiscriminato delle tecnologie può portare a problemi come la dipendenza da internet, la perdita di privacy e il divario digitale tra le persone. Inoltre, la tecnologia non può sostituire il valore delle relazioni umane e della comunicazione faccia a faccia.</p>



<p>In conclusione, le nuove tecnologie stanno portando cambiamenti epocali nella società, offrendo opportunità senza precedenti per migliorare la vita delle persone. Tuttavia, è importante utilizzarle in modo consapevole e responsabile, evitando di cadere nella trappola della dipendenza tecnologica e garantendo che le innovazioni tecnologiche siano al servizio dell&#8217;umanità e non il contrario.</p>



<div class="wp-block-cover alignfull" style="min-height:800px"><span aria-hidden="true" class="wp-block-cover__background has-background-dim-60 has-background-dim"></span><img decoding="async" width="2560" height="1920" class="wp-block-cover__image-background wp-image-409" alt="" src="./../wp-content/uploads/2023/03/lucrezia-carnelos-IMUwe-p1yqs-unsplash-scaled.jpg" data-object-fit="cover" srcset="./../wp-content/uploads/2023/03/lucrezia-carnelos-IMUwe-p1yqs-unsplash-scaled.jpg 2560w, ./../wp-content/uploads/2023/03/lucrezia-carnelos-IMUwe-p1yqs-unsplash-300x225.jpg 300w, ./../wp-content/uploads/2023/03/lucrezia-carnelos-IMUwe-p1yqs-unsplash-1024x768.jpg 1024w, ./../wp-content/uploads/2023/03/lucrezia-carnelos-IMUwe-p1yqs-unsplash-768x576.jpg 768w, ./../wp-content/uploads/2023/03/lucrezia-carnelos-IMUwe-p1yqs-unsplash-1536x1152.jpg 1536w, ./../wp-content/uploads/2023/03/lucrezia-carnelos-IMUwe-p1yqs-unsplash-2048x1536.jpg 2048w" sizes="(max-width: 2560px) 100vw, 2560px" /><div class="wp-block-cover__inner-container"></div></div>
]]></content:encoded>
					
					<wfw:commentRss>./../2023/03/01/la-rivoluzione/feed/index.html</wfw:commentRss>
			<slash:comments>0</slash:comments>
		
		
			</item>
		<item>
		<title>Nuove tecnologie</title>
		<link>./../2023/03/01/nuove-tecnologie/index.html</link>
					<comments>./../2023/03/01/nuove-tecnologie/index.html#respond</comments>
		
		<dc:creator><![CDATA[Volodymyr]]></dc:creator>
		<pubDate>Wed, 01 Mar 2023 15:51:50 +0000</pubDate>
				<category><![CDATA[mondo tech]]></category>
		<guid isPermaLink="false">./../index.html?p=406</guid>

					<description><![CDATA[Le nuove tecnologie sono sempre più presenti nella vita quotidiana delle persone. Con l&#8217;avvento degli smartphone, la maggior parte delle informazioni è a portata di mano in qualsiasi momento. Inoltre, l&#8217;intelligenza artificiale sta rivoluzionando molte industrie, dalla medicina all&#8217;automotive. La realtà virtuale e la realtà aumentata sono diventate una realtà accessibile, portando con sé infinite &#8230;<p class="read-more"> <a class="" href="./../2023/03/01/nuove-tecnologie/index.html"> <span class="screen-reader-text">Nuove tecnologie</span> Leggi altro &#187;</a></p>]]></description>
										<content:encoded><![CDATA[
<p><strong>Le nuove tecnologie sono sempre più presenti nella vita quotidiana delle persone. Con l&#8217;avvento degli smartphone, la maggior parte delle informazioni è a portata di mano in qualsiasi momento. Inoltre, l&#8217;intelligenza artificiale sta rivoluzionando molte industrie, dalla medicina all&#8217;automotive. La realtà virtuale e la realtà aumentata sono diventate una realtà accessibile, portando con sé infinite possibilità di esperienze immersive e coinvolgenti. Nonostante tutto ciò, è importante ricordare che le nuove tecnologie non sono una panacea per tutti i problemi, ma piuttosto uno strumento che va usato in modo consapevole e responsabile.</strong></p>



<figure class="wp-block-embed is-type-video is-provider-youtube wp-block-embed-youtube wp-embed-aspect-16-9 wp-has-aspect-ratio"><div class="wp-block-embed__wrapper">
<div class="ast-oembed-container" style="height: 100%;"><iframe title="La Nuova Tecnologia che TESLA ha appena BREVETTATO | Elon Musk" width="1200" height="675" src="https://www.youtube.com/embed/-m5_VMI_wJA?feature=oembed" frameborder="0" allow="accelerometer; autoplay; clipboard-write; encrypted-media; gyroscope; picture-in-picture; web-share" allowfullscreen></iframe></div>
</div></figure>
]]></content:encoded>
					
					<wfw:commentRss>./../2023/03/01/nuove-tecnologie/feed/index.html</wfw:commentRss>
			<slash:comments>0</slash:comments>
		
		
			</item>
		<item>
		<title>Intelligenza artificiale</title>
		<link>./../2023/03/01/intelligenza-artificiale/index.html</link>
					<comments>./../2023/03/01/intelligenza-artificiale/index.html#respond</comments>
		
		<dc:creator><![CDATA[Volodymyr]]></dc:creator>
		<pubDate>Wed, 01 Mar 2023 15:45:03 +0000</pubDate>
				<category><![CDATA[intelligenza artificiale]]></category>
		<guid isPermaLink="false">./../index.html?p=404</guid>

					<description><![CDATA[L&#8217;intelligenza artificiale sta rapidamente diventando una delle tecnologie più promettenti e in rapida crescita al mondo. Grazie a sofisticati algoritmi di apprendimento automatico e all&#8217;elaborazione dei dati, le macchine possono imitare alcune delle capacità cognitive umane come la visione, l&#8217;ascolto e il ragionamento. L&#8217;IA sta già rivoluzionando molte industrie, dai trasporti alla salute, dalla finanza &#8230;<p class="read-more"> <a class="" href="./../2023/03/01/intelligenza-artificiale/index.html"> <span class="screen-reader-text">Intelligenza artificiale</span> Leggi altro &#187;</a></p>]]></description>
										<content:encoded><![CDATA[
<p>L&#8217;intelligenza artificiale sta rapidamente diventando una delle tecnologie più promettenti e in rapida crescita al mondo. Grazie a sofisticati algoritmi di apprendimento automatico e all&#8217;elaborazione dei dati, le macchine possono imitare alcune delle capacità cognitive umane come la visione, l&#8217;ascolto e il ragionamento. L&#8217;IA sta già rivoluzionando molte industrie, dai trasporti alla salute, dalla finanza alla sicurezza. Mentre l&#8217;IA offre molte opportunità, ci sono anche preoccupazioni legate alla privacy, all&#8217;etica e alla sicurezza. Tuttavia, con il giusto equilibrio tra innovazione e responsabilità, l&#8217;IA può migliorare la vita delle persone in modo significativo.</p>



<figure class="wp-block-embed is-type-video is-provider-youtube wp-block-embed-youtube wp-embed-aspect-16-9 wp-has-aspect-ratio"><div class="wp-block-embed__wrapper">
<div class="ast-oembed-container" style="height: 100%;"><iframe title="Che cos&#039;è l&#039;intelligenza artificiale | StudenTALK &#x1f3a4;" width="1200" height="675" src="https://www.youtube.com/embed/HFcr88xyxQY?feature=oembed" frameborder="0" allow="accelerometer; autoplay; clipboard-write; encrypted-media; gyroscope; picture-in-picture; web-share" allowfullscreen></iframe></div>
</div></figure>
]]></content:encoded>
					
					<wfw:commentRss>./../2023/03/01/intelligenza-artificiale/feed/index.html</wfw:commentRss>
			<slash:comments>0</slash:comments>
		
		
			</item>
		<item>
		<title>IA</title>
		<link>./../2023/03/01/ia/index.html</link>
					<comments>./../2023/03/01/ia/index.html#respond</comments>
		
		<dc:creator><![CDATA[Volodymyr]]></dc:creator>
		<pubDate>Wed, 01 Mar 2023 15:41:59 +0000</pubDate>
				<category><![CDATA[intelligenza artificiale]]></category>
		<guid isPermaLink="false">./../index.html?p=401</guid>

					<description><![CDATA[]]></description>
										<content:encoded><![CDATA[
<p></p>



<div class="wp-block-cover" style="min-height:1018px"><span aria-hidden="true" class="wp-block-cover__background has-background-dim"></span><img decoding="async" width="820" height="1024" class="wp-block-cover__image-background wp-image-402" alt="" src="./../wp-content/uploads/2023/03/xu-haiwei-iE7AmEF-9wk-unsplash-820x1024.jpg" data-object-fit="cover" srcset="./../wp-content/uploads/2023/03/xu-haiwei-iE7AmEF-9wk-unsplash-820x1024.jpg 820w, ./../wp-content/uploads/2023/03/xu-haiwei-iE7AmEF-9wk-unsplash-240x300.jpg 240w, ./../wp-content/uploads/2023/03/xu-haiwei-iE7AmEF-9wk-unsplash-768x959.jpg 768w, ./../wp-content/uploads/2023/03/xu-haiwei-iE7AmEF-9wk-unsplash-1230x1536.jpg 1230w, ./../wp-content/uploads/2023/03/xu-haiwei-iE7AmEF-9wk-unsplash-1639x2048.jpg 1639w" sizes="(max-width: 820px) 100vw, 820px" /><div class="wp-block-cover__inner-container">
<p class="has-text-align-center has-large-font-size">L&#8217;intelligenza artificiale (IA) è un campo della scienza informatica che si concentra sullo sviluppo di algoritmi e tecnologie in grado di imitare le capacità cognitive umane. Grazie alla sua capacità di analizzare grandi quantità di dati, l&#8217;IA sta rivoluzionando molte industrie, dall&#8217;e-commerce alla sicurezza, migliorando l&#8217;efficienza e l&#8217;esperienza del cliente. Tuttavia, ci sono anche preoccupazioni legate alla privacy, alla sicurezza e all&#8217;etica. Con la giusta gestione, l&#8217;IA può migliorare la vita delle persone in modo significativo e sostenibile.</p>
</div></div>



<p></p>
]]></content:encoded>
					
					<wfw:commentRss>./../2023/03/01/ia/feed/index.html</wfw:commentRss>
			<slash:comments>0</slash:comments>
		
		
			</item>
		<item>
		<title>Ciao mondo!</title>
		<link>./../2023/03/01/ciao-mondo/index.html</link>
					<comments>./../2023/03/01/ciao-mondo/index.html#comments</comments>
		
		<dc:creator><![CDATA[Volodymyr]]></dc:creator>
		<pubDate>Wed, 01 Mar 2023 13:36:50 +0000</pubDate>
				<category><![CDATA[Senza categoria]]></category>
		<guid isPermaLink="false">./../index.html?p=1</guid>

					<description><![CDATA[Ti diamo il benvenuto in WordPress. Questo è il tuo primo articolo. Modificalo o eliminalo e quindi inizia a scrivere!]]></description>
										<content:encoded><![CDATA[
<p>Ti diamo il benvenuto in WordPress. Questo è il tuo primo articolo. Modificalo o eliminalo e quindi inizia a scrivere!</p>
]]></content:encoded>
					
					<wfw:commentRss>./../2023/03/01/ciao-mondo/feed/index.html</wfw:commentRss>
			<slash:comments>1</slash:comments>
		
		
			</item>
		<item>
		<title>Hello world!</title>
		<link>./../2022/10/13/hello-world/index.html</link>
					<comments>./../2022/10/13/hello-world/index.html#respond</comments>
		
		<dc:creator><![CDATA[Volodymyr]]></dc:creator>
		<pubDate>Thu, 13 Oct 2022 08:00:36 +0000</pubDate>
				<category><![CDATA[Uncategorized]]></category>
		<guid isPermaLink="false">./../2022/10/13/hello-world/index.html</guid>

					<description><![CDATA[Welcome to Astra Starter Templates. This is your first post. Edit or delete it, then start blogging!]]></description>
										<content:encoded><![CDATA[<p>Welcome to <a href=\"https://websitedemos.net/\">Astra Starter Templates</a>. This is your first post. Edit or delete it, then start blogging!</p>
]]></content:encoded>
					
					<wfw:commentRss>./../2022/10/13/hello-world/feed/index.html</wfw:commentRss>
			<slash:comments>0</slash:comments>
		
		
			</item>
	</channel>
</rss>
