<?xml version="1.0" encoding="UTF-8"?><rss version="2.0"
	xmlns:content="http://purl.org/rss/1.0/modules/content/"
	xmlns:wfw="http://wellformedweb.org/CommentAPI/"
	xmlns:dc="http://purl.org/dc/elements/1.1/"
	xmlns:atom="http://www.w3.org/2005/Atom"
	xmlns:sy="http://purl.org/rss/1.0/modules/syndication/"
	xmlns:slash="http://purl.org/rss/1.0/modules/slash/"
	>

<channel>
	<title>intelligenza artificiale &#8211; Lezione di mercoledi</title>
	<atom:link href="./index.html" rel="self" type="application/rss+xml" />
	<link>./../../../index.html</link>
	<description></description>
	<lastBuildDate>Wed, 01 Mar 2023 15:57:38 +0000</lastBuildDate>
	<language>it-IT</language>
	<sy:updatePeriod>
	hourly	</sy:updatePeriod>
	<sy:updateFrequency>
	1	</sy:updateFrequency>
	<generator>https://wordpress.org/?v=6.1.1</generator>
	<item>
		<title>Intelligenza artificiale</title>
		<link>./../../../2023/03/01/intelligenza-artificiale/index.html</link>
					<comments>./../../../2023/03/01/intelligenza-artificiale/index.html#respond</comments>
		
		<dc:creator><![CDATA[Volodymyr]]></dc:creator>
		<pubDate>Wed, 01 Mar 2023 15:45:03 +0000</pubDate>
				<category><![CDATA[intelligenza artificiale]]></category>
		<guid isPermaLink="false">./../../../index.html?p=404</guid>

					<description><![CDATA[L&#8217;intelligenza artificiale sta rapidamente diventando una delle tecnologie più promettenti e in rapida crescita al mondo. Grazie a sofisticati algoritmi di apprendimento automatico e all&#8217;elaborazione dei dati, le macchine possono imitare alcune delle capacità cognitive umane come la visione, l&#8217;ascolto e il ragionamento. L&#8217;IA sta già rivoluzionando molte industrie, dai trasporti alla salute, dalla finanza &#8230;<p class="read-more"> <a class="" href="./../../../2023/03/01/intelligenza-artificiale/index.html"> <span class="screen-reader-text">Intelligenza artificiale</span> Leggi altro &#187;</a></p>]]></description>
										<content:encoded><![CDATA[
<p>L&#8217;intelligenza artificiale sta rapidamente diventando una delle tecnologie più promettenti e in rapida crescita al mondo. Grazie a sofisticati algoritmi di apprendimento automatico e all&#8217;elaborazione dei dati, le macchine possono imitare alcune delle capacità cognitive umane come la visione, l&#8217;ascolto e il ragionamento. L&#8217;IA sta già rivoluzionando molte industrie, dai trasporti alla salute, dalla finanza alla sicurezza. Mentre l&#8217;IA offre molte opportunità, ci sono anche preoccupazioni legate alla privacy, all&#8217;etica e alla sicurezza. Tuttavia, con il giusto equilibrio tra innovazione e responsabilità, l&#8217;IA può migliorare la vita delle persone in modo significativo.</p>



<figure class="wp-block-embed is-type-video is-provider-youtube wp-block-embed-youtube wp-embed-aspect-16-9 wp-has-aspect-ratio"><div class="wp-block-embed__wrapper">
<div class="ast-oembed-container" style="height: 100%;"><iframe title="Che cos&#039;è l&#039;intelligenza artificiale | StudenTALK &#x1f3a4;" width="1200" height="675" src="https://www.youtube.com/embed/HFcr88xyxQY?feature=oembed" frameborder="0" allow="accelerometer; autoplay; clipboard-write; encrypted-media; gyroscope; picture-in-picture; web-share" allowfullscreen></iframe></div>
</div></figure>
]]></content:encoded>
					
					<wfw:commentRss>./../../../2023/03/01/intelligenza-artificiale/feed/index.html</wfw:commentRss>
			<slash:comments>0</slash:comments>
		
		
			</item>
		<item>
		<title>IA</title>
		<link>./../../../2023/03/01/ia/index.html</link>
					<comments>./../../../2023/03/01/ia/index.html#respond</comments>
		
		<dc:creator><![CDATA[Volodymyr]]></dc:creator>
		<pubDate>Wed, 01 Mar 2023 15:41:59 +0000</pubDate>
				<category><![CDATA[intelligenza artificiale]]></category>
		<guid isPermaLink="false">./../../../index.html?p=401</guid>

					<description><![CDATA[]]></description>
										<content:encoded><![CDATA[
<p></p>



<div class="wp-block-cover" style="min-height:1018px"><span aria-hidden="true" class="wp-block-cover__background has-background-dim"></span><img decoding="async" width="820" height="1024" class="wp-block-cover__image-background wp-image-402" alt="" src="./../../../wp-content/uploads/2023/03/xu-haiwei-iE7AmEF-9wk-unsplash-820x1024.jpg" data-object-fit="cover" srcset="./../../../wp-content/uploads/2023/03/xu-haiwei-iE7AmEF-9wk-unsplash-820x1024.jpg 820w, ./../../../wp-content/uploads/2023/03/xu-haiwei-iE7AmEF-9wk-unsplash-240x300.jpg 240w, ./../../../wp-content/uploads/2023/03/xu-haiwei-iE7AmEF-9wk-unsplash-768x959.jpg 768w, ./../../../wp-content/uploads/2023/03/xu-haiwei-iE7AmEF-9wk-unsplash-1230x1536.jpg 1230w, ./../../../wp-content/uploads/2023/03/xu-haiwei-iE7AmEF-9wk-unsplash-1639x2048.jpg 1639w" sizes="(max-width: 820px) 100vw, 820px" /><div class="wp-block-cover__inner-container">
<p class="has-text-align-center has-large-font-size">L&#8217;intelligenza artificiale (IA) è un campo della scienza informatica che si concentra sullo sviluppo di algoritmi e tecnologie in grado di imitare le capacità cognitive umane. Grazie alla sua capacità di analizzare grandi quantità di dati, l&#8217;IA sta rivoluzionando molte industrie, dall&#8217;e-commerce alla sicurezza, migliorando l&#8217;efficienza e l&#8217;esperienza del cliente. Tuttavia, ci sono anche preoccupazioni legate alla privacy, alla sicurezza e all&#8217;etica. Con la giusta gestione, l&#8217;IA può migliorare la vita delle persone in modo significativo e sostenibile.</p>
</div></div>



<p></p>
]]></content:encoded>
					
					<wfw:commentRss>./../../../2023/03/01/ia/feed/index.html</wfw:commentRss>
			<slash:comments>0</slash:comments>
		
		
			</item>
	</channel>
</rss>
