<?xml version="1.0" encoding="UTF-8"?><rss version="2.0"
	xmlns:content="http://purl.org/rss/1.0/modules/content/"
	xmlns:wfw="http://wellformedweb.org/CommentAPI/"
	xmlns:dc="http://purl.org/dc/elements/1.1/"
	xmlns:atom="http://www.w3.org/2005/Atom"
	xmlns:sy="http://purl.org/rss/1.0/modules/syndication/"
	xmlns:slash="http://purl.org/rss/1.0/modules/slash/"
	>

<channel>
	<title>Uncategorized &#8211; Lezione di mercoledi</title>
	<atom:link href="./index.html" rel="self" type="application/rss+xml" />
	<link>./../../../index.html</link>
	<description></description>
	<lastBuildDate>Thu, 13 Oct 2022 08:00:36 +0000</lastBuildDate>
	<language>it-IT</language>
	<sy:updatePeriod>
	hourly	</sy:updatePeriod>
	<sy:updateFrequency>
	1	</sy:updateFrequency>
	<generator>https://wordpress.org/?v=6.1.1</generator>
	<item>
		<title>Hello world!</title>
		<link>./../../../2022/10/13/hello-world/index.html</link>
					<comments>./../../../2022/10/13/hello-world/index.html#respond</comments>
		
		<dc:creator><![CDATA[Volodymyr]]></dc:creator>
		<pubDate>Thu, 13 Oct 2022 08:00:36 +0000</pubDate>
				<category><![CDATA[Uncategorized]]></category>
		<guid isPermaLink="false">./../../../2022/10/13/hello-world/index.html</guid>

					<description><![CDATA[Welcome to Astra Starter Templates. This is your first post. Edit or delete it, then start blogging!]]></description>
										<content:encoded><![CDATA[<p>Welcome to <a href=\"https://websitedemos.net/\">Astra Starter Templates</a>. This is your first post. Edit or delete it, then start blogging!</p>
]]></content:encoded>
					
					<wfw:commentRss>./../../../2022/10/13/hello-world/feed/index.html</wfw:commentRss>
			<slash:comments>0</slash:comments>
		
		
			</item>
	</channel>
</rss>
