<?xml version="1.0" encoding="UTF-8"?><rss version="2.0"
	xmlns:content="http://purl.org/rss/1.0/modules/content/"
	xmlns:wfw="http://wellformedweb.org/CommentAPI/"
	xmlns:dc="http://purl.org/dc/elements/1.1/"
	xmlns:atom="http://www.w3.org/2005/Atom"
	xmlns:sy="http://purl.org/rss/1.0/modules/syndication/"
	xmlns:slash="http://purl.org/rss/1.0/modules/slash/"
	>

<channel>
	<title>mondo tech &#8211; Lezione di mercoledi</title>
	<atom:link href="./index.html" rel="self" type="application/rss+xml" />
	<link>./../../../index.html</link>
	<description></description>
	<lastBuildDate>Wed, 01 Mar 2023 15:57:56 +0000</lastBuildDate>
	<language>it-IT</language>
	<sy:updatePeriod>
	hourly	</sy:updatePeriod>
	<sy:updateFrequency>
	1	</sy:updateFrequency>
	<generator>https://wordpress.org/?v=6.1.1</generator>
	<item>
		<title>La rivoluzione</title>
		<link>./../../../2023/03/01/la-rivoluzione/index.html</link>
					<comments>./../../../2023/03/01/la-rivoluzione/index.html#respond</comments>
		
		<dc:creator><![CDATA[Volodymyr]]></dc:creator>
		<pubDate>Wed, 01 Mar 2023 15:56:10 +0000</pubDate>
				<category><![CDATA[mondo tech]]></category>
		<guid isPermaLink="false">./../../../index.html?p=408</guid>

					<description><![CDATA[Le nuove tecnologie stanno rivoluzionando il mondo in cui viviamo. Con la crescente presenza di dispositivi tecnologici come gli smartphone, tablet e computer, il modo in cui le persone comunicano, lavorano e si divertono è profondamente cambiato. L&#8217;intelligenza artificiale, la realtà virtuale e la realtà aumentata stanno offrendo possibilità senza precedenti, trasformando molte industrie e &#8230;<p class="read-more"> <a class="" href="./../../../2023/03/01/la-rivoluzione/index.html"> <span class="screen-reader-text">La rivoluzione</span> Leggi altro &#187;</a></p>]]></description>
										<content:encoded><![CDATA[
<p>Le nuove tecnologie stanno rivoluzionando il mondo in cui viviamo. Con la crescente presenza di dispositivi tecnologici come gli smartphone, tablet e computer, il modo in cui le persone comunicano, lavorano e si divertono è profondamente cambiato. L&#8217;intelligenza artificiale, la realtà virtuale e la realtà aumentata stanno offrendo possibilità senza precedenti, trasformando molte industrie e migliorando la vita delle persone.</p>



<p>L&#8217;intelligenza artificiale (IA) è uno dei settori tecnologici più in crescita, con l&#8217;obiettivo di creare macchine intelligenti che possano eseguire compiti umani. Grazie all&#8217;IA, le macchine possono apprendere da dati, modelli e esperienze passate per fornire soluzioni più efficaci e efficienti. Questa tecnologia sta rivoluzionando molte industrie, dalla sanità all&#8217;automotive, passando per il settore finanziario e l&#8217;industria manifatturiera. L&#8217;IA può migliorare l&#8217;efficienza e la precisione dei processi, ridurre gli errori umani e liberare il personale da compiti ripetitivi, consentendo loro di concentrarsi su attività più creative e di valore.</p>



<p>La realtà virtuale (VR) e la realtà aumentata (AR) stanno offrendo possibilità senza precedenti in termini di esperienze immersive e coinvolgenti. Con la VR, gli utenti possono immergersi in un mondo digitale simulato, mentre con l&#8217;AR è possibile sovrapporre elementi digitali al mondo reale. Queste tecnologie stanno trovando applicazione in settori come l&#8217;educazione, il turismo, il design e la salute. La VR e l&#8217;AR possono migliorare l&#8217;apprendimento, aumentare l&#8217;engagement degli utenti e consentire la progettazione di prodotti e servizi più innovativi.</p>



<p>Tuttavia, è importante ricordare che le nuove tecnologie non sono una panacea per tutti i problemi. L&#8217;uso indiscriminato delle tecnologie può portare a problemi come la dipendenza da internet, la perdita di privacy e il divario digitale tra le persone. Inoltre, la tecnologia non può sostituire il valore delle relazioni umane e della comunicazione faccia a faccia.</p>



<p>In conclusione, le nuove tecnologie stanno portando cambiamenti epocali nella società, offrendo opportunità senza precedenti per migliorare la vita delle persone. Tuttavia, è importante utilizzarle in modo consapevole e responsabile, evitando di cadere nella trappola della dipendenza tecnologica e garantendo che le innovazioni tecnologiche siano al servizio dell&#8217;umanità e non il contrario.</p>



<div class="wp-block-cover alignfull" style="min-height:800px"><span aria-hidden="true" class="wp-block-cover__background has-background-dim-60 has-background-dim"></span><img decoding="async" width="2560" height="1920" class="wp-block-cover__image-background wp-image-409" alt="" src="./../../../wp-content/uploads/2023/03/lucrezia-carnelos-IMUwe-p1yqs-unsplash-scaled.jpg" data-object-fit="cover" srcset="./../../../wp-content/uploads/2023/03/lucrezia-carnelos-IMUwe-p1yqs-unsplash-scaled.jpg 2560w, ./../../../wp-content/uploads/2023/03/lucrezia-carnelos-IMUwe-p1yqs-unsplash-300x225.jpg 300w, ./../../../wp-content/uploads/2023/03/lucrezia-carnelos-IMUwe-p1yqs-unsplash-1024x768.jpg 1024w, ./../../../wp-content/uploads/2023/03/lucrezia-carnelos-IMUwe-p1yqs-unsplash-768x576.jpg 768w, ./../../../wp-content/uploads/2023/03/lucrezia-carnelos-IMUwe-p1yqs-unsplash-1536x1152.jpg 1536w, ./../../../wp-content/uploads/2023/03/lucrezia-carnelos-IMUwe-p1yqs-unsplash-2048x1536.jpg 2048w" sizes="(max-width: 2560px) 100vw, 2560px" /><div class="wp-block-cover__inner-container"></div></div>
]]></content:encoded>
					
					<wfw:commentRss>./../../../2023/03/01/la-rivoluzione/feed/index.html</wfw:commentRss>
			<slash:comments>0</slash:comments>
		
		
			</item>
		<item>
		<title>Nuove tecnologie</title>
		<link>./../../../2023/03/01/nuove-tecnologie/index.html</link>
					<comments>./../../../2023/03/01/nuove-tecnologie/index.html#respond</comments>
		
		<dc:creator><![CDATA[Volodymyr]]></dc:creator>
		<pubDate>Wed, 01 Mar 2023 15:51:50 +0000</pubDate>
				<category><![CDATA[mondo tech]]></category>
		<guid isPermaLink="false">./../../../index.html?p=406</guid>

					<description><![CDATA[Le nuove tecnologie sono sempre più presenti nella vita quotidiana delle persone. Con l&#8217;avvento degli smartphone, la maggior parte delle informazioni è a portata di mano in qualsiasi momento. Inoltre, l&#8217;intelligenza artificiale sta rivoluzionando molte industrie, dalla medicina all&#8217;automotive. La realtà virtuale e la realtà aumentata sono diventate una realtà accessibile, portando con sé infinite &#8230;<p class="read-more"> <a class="" href="./../../../2023/03/01/nuove-tecnologie/index.html"> <span class="screen-reader-text">Nuove tecnologie</span> Leggi altro &#187;</a></p>]]></description>
										<content:encoded><![CDATA[
<p><strong>Le nuove tecnologie sono sempre più presenti nella vita quotidiana delle persone. Con l&#8217;avvento degli smartphone, la maggior parte delle informazioni è a portata di mano in qualsiasi momento. Inoltre, l&#8217;intelligenza artificiale sta rivoluzionando molte industrie, dalla medicina all&#8217;automotive. La realtà virtuale e la realtà aumentata sono diventate una realtà accessibile, portando con sé infinite possibilità di esperienze immersive e coinvolgenti. Nonostante tutto ciò, è importante ricordare che le nuove tecnologie non sono una panacea per tutti i problemi, ma piuttosto uno strumento che va usato in modo consapevole e responsabile.</strong></p>



<figure class="wp-block-embed is-type-video is-provider-youtube wp-block-embed-youtube wp-embed-aspect-16-9 wp-has-aspect-ratio"><div class="wp-block-embed__wrapper">
<div class="ast-oembed-container" style="height: 100%;"><iframe title="La Nuova Tecnologia che TESLA ha appena BREVETTATO | Elon Musk" width="1200" height="675" src="https://www.youtube.com/embed/-m5_VMI_wJA?feature=oembed" frameborder="0" allow="accelerometer; autoplay; clipboard-write; encrypted-media; gyroscope; picture-in-picture; web-share" allowfullscreen></iframe></div>
</div></figure>
]]></content:encoded>
					
					<wfw:commentRss>./../../../2023/03/01/nuove-tecnologie/feed/index.html</wfw:commentRss>
			<slash:comments>0</slash:comments>
		
		
			</item>
	</channel>
</rss>
